"Id","Label","size","fork","forks","stars","issues","owner","language","created","updated","type"
8514,"rails/rails",140876,false,13736,33735,1225,"Organization","Ruby","2008-04-11T02:19:47Z","2016-12-14T07:08:38Z","repo"
206084,"Homebrew/legacy-homebrew",1432774,false,13935,29419,0,"Organization","Ruby","2009-05-20T19:38:37Z","2016-12-14T01:43:00Z","repo"
65252,"jekyll/jekyll",11723,false,6179,27878,130,"Organization","Ruby","2008-10-20T06:29:03Z","2016-12-14T06:23:11Z","repo"
7569578,"discourse/discourse",151020,false,5301,20022,11,"Organization","Ruby","2013-01-12T00:25:55Z","2016-12-14T07:29:25Z","repo"
2500088,"gitlabhq/gitlabhq",243582,false,5120,18797,0,"Organization","Ruby","2011-10-02T16:25:27Z","2016-12-14T08:32:51Z","repo"
21600440,"bayandin/awesome-awesomeness",415,false,2224,17656,1,"User","Ruby","2014-07-08T05:44:19Z","2016-12-14T05:34:10Z","repo"
308770,"plataformatec/devise",7561,false,3711,16306,103,"Organization","Ruby","2009-09-16T12:15:12Z","2016-12-14T08:16:26Z","repo"
8681349,"cantino/huginn",9867,false,1660,15321,274,"User","Ruby","2013-03-10T06:00:31Z","2016-12-14T06:03:40Z","repo"
481872,"mitchellh/vagrant",17951,false,2900,13685,346,"User","Ruby","2010-01-21T08:34:27Z","2016-12-14T02:44:44Z","repo"
27442967,"fastlane/fastlane",54084,false,1925,12827,412,"Organization","Ruby","2014-12-02T17:00:38Z","2016-12-14T08:34:43Z","repo"
2336578,"twbs/bootstrap-sass",11066,false,2892,11625,15,"Organization","Ruby","2011-09-06T18:58:49Z","2016-12-14T09:01:54Z","repo"
13840241,"Thibaut/devdocs",12174,false,741,11169,26,"User","Ruby","2013-10-24T18:16:07Z","2016-12-14T08:55:48Z","repo"
538746,"ruby/ruby",164714,false,3154,11127,104,"Organization","Ruby","2010-02-27T15:55:23Z","2016-12-14T07:15:32Z","repo"
911765,"diaspora/diaspora",100772,false,2801,10988,393,"Organization","Ruby","2010-09-15T05:20:04Z","2016-12-12T18:10:54Z","repo"
3623050,"caskroom/homebrew-cask",69686,false,4407,10124,72,"Organization","Ruby","2012-03-05T02:05:17Z","2016-12-14T09:03:28Z","repo"
341626,"imathis/octopress",170801,false,3065,9519,277,"User","Ruby","2009-10-18T21:41:32Z","2016-12-12T09:19:42Z","repo"
929845,"sass/sass",13164,false,1699,9054,182,"Organization","Ruby","2010-09-22T06:16:55Z","2016-12-14T08:37:12Z","repo"
138312,"capistrano/capistrano",6177,false,1481,9043,59,"Organization","Ruby","2009-02-26T16:14:04Z","2016-12-14T08:17:28Z","repo"
32948863,"jondot/awesome-react-native",1027,false,1095,8982,3,"User","Ruby","2015-03-26T19:58:06Z","2016-12-14T08:56:38Z","repo"
2203645,"CocoaPods/CocoaPods",71666,false,1694,8896,201,"Organization","Ruby","2011-08-14T00:10:53Z","2016-12-14T07:12:18Z","repo"
37382858,"kilimchoi/engineering-blogs",1491,false,1011,8798,1,"User","Ruby","2015-06-13T18:25:17Z","2016-12-14T07:57:36Z","repo"
106995,"sinatra/sinatra",8612,false,1592,8503,67,"Organization","Ruby","2009-01-14T01:27:30Z","2016-12-14T01:43:04Z","repo"
8393,"thoughtbot/paperclip",7206,false,1845,8247,121,"Organization","Ruby","2008-04-10T19:58:20Z","2016-12-14T05:37:57Z","repo"
3314,"spree/spree",103786,false,3713,8018,219,"Organization","Ruby","2008-03-10T14:45:35Z","2016-12-14T05:20:28Z","repo"
1653882,"thoughtbot/bourbon",5864,false,878,7792,21,"Organization","Ruby","2011-04-23T15:41:20Z","2016-12-14T08:06:46Z","repo"
812393,"ruby-grape/grape",8944,false,925,7712,154,"Organization","Ruby","2010-08-02T14:25:08Z","2016-12-14T09:04:34Z","repo"
275604,"resque/resque",2209,false,1416,7598,68,"Organization","Ruby","2009-08-12T00:27:35Z","2016-12-13T15:11:51Z","repo"
361310,"teamcapybara/capybara",10532,false,1095,7486,11,"Organization","Ruby","2009-11-04T22:19:17Z","2016-12-14T07:25:04Z","repo"
2293158,"rapid7/metasploit-framework",292787,false,4683,7313,339,"Organization","Ruby","2011-08-30T06:13:20Z","2016-12-14T08:41:35Z","repo"
1217404,"jordansissel/fpm",4472,false,735,7237,392,"User","Ruby","2011-01-03T20:07:59Z","2016-12-14T03:18:58Z","repo"
903327,"tysongach",,,,,,,,,,"user"
111194,"joshuaogle",,,,,,,,,,"user"
257678,"gabebw",,,,,,,,,,"user"
223180,"kylefiedler",,,,,,,,,,"user"
4912,"sikachu",,,,,,,,,,"user"
4550,"mike-burns",,,,,,,,,,"user"
1576290,"mendozagioo",,,,,,,,,,"user"
952783,"thejameskyle",,,,,,,,,,"user"
225,"mjankowski",,,,,,,,,,"user"
617989,"renaudleo",,,,,,,,,,"user"
2489247,"whmii",,,,,,,,,,"user"
1880526,"twome",,,,,,,,,,"user"
105694,"dgalarza",,,,,,,,,,"user"
1231909,"hmps",,,,,,,,,,"user"
1889710,"HugoGiraudel",,,,,,,,,,"user"
5958957,"bionicrm",,,,,,,,,,"user"
1581276,"kennethormandy",,,,,,,,,,"user"
17579,"Thibaut",,,,,,,,,,"user"
1530865,"borodean",,,,,,,,,,"user"
378585,"hotmeteor",,,,,,,,,,"user"
558455,"bmorrall",,,,,,,,,,"user"
1839,"chriseppstein",,,,,,,,,,"user"
2317604,"creuter",,,,,,,,,,"user"
382099,"damln",,,,,,,,,,"user"
253634,"shreve",,,,,,,,,,"user"
47458,"knuton",,,,,,,,,,"user"
2381,"metaskills",,,,,,,,,,"user"
1479130,"mmwtsn",,,,,,,,,,"user"
320066,"mondoreale",,,,,,,,,,"user"
189693,"mattbrictson",,,,,,,,,,"user"
16700,"nobu",,,,,,,,,,"user"
10538,"akr",,,,,,,,,,"user"
13423,"nurse",,,,,,,,,,"user"
17790,"unak",,,,,,,,,,"user"
9558,"ko1",,,,,,,,,,"user"
4447,"eban",,,,,,,,,,"user"
9831,"drbrain",,,,,,,,,,"user"
11857,"znz",,,,,,,,,,"user"
10236,"knu",,,,,,,,,,"user"
12301,"hsbt",,,,,,,,,,"user"
82712,"kosaki",,,,,,,,,,"user"
21557,"mame",,,,,,,,,,"user"
34552,"shugo",,,,,,,,,,"user"
277819,"zzak",,,,,,,,,,"user"
3124,"tenderlove",,,,,,,,,,"user"
33770,"marcandre",,,,,,,,,,"user"
27350,"kou",,,,,,,,,,"user"
8161,"yugui",,,,,,,,,,"user"
3959,"mrkn",,,,,,,,,,"user"
44209,"nahi",,,,,,,,,,"user"
21976,"nagachika",,,,,,,,,,"user"
15377,"shyouhei",,,,,,,,,,"user"
32117,"k-tsj",,,,,,,,,,"user"
486012,"emboss",,,,,,,,,,"user"
18746,"authorNari",,,,,,,,,,"user"
29440,"sorah",,,,,,,,,,"user"
305451,"tarui",,,,,,,,,,"user"
37002,"ayumin",,,,,,,,,,"user"
179065,"charliesome",,,,,,,,,,"user"
168854,"eregon",,,,,,,,,,"user"
17579,"Thibaut",,,,,,,,,,"user"
2117313,"TrangPham",,,,,,,,,,"user"
1250185,"romeovs",,,,,,,,,,"user"
1426824,"japborst",,,,,,,,,,"user"
6307088,"dhenson02",,,,,,,,,,"user"
1859598,"ShaneQful",,,,,,,,,,"user"
1035167,"Styrke",,,,,,,,,,"user"
306253,"yosiat",,,,,,,,,,"user"
324670,"edno",,,,,,,,,,"user"
297578,"Glandos",,,,,,,,,,"user"
4647136,"hyjk2000",,,,,,,,,,"user"
12337100,"ccorcoveanu",,,,,,,,,,"user"
5305459,"nucular",,,,,,,,,,"user"
1674647,"046569",,,,,,,,,,"user"
150352,"qq99",,,,,,,,,,"user"
4550353,"xuchunyang",,,,,,,,,,"user"
1045603,"cahna",,,,,,,,,,"user"
1222972,"elegantcoder",,,,,,,,,,"user"
544229,"davidyew",,,,,,,,,,"user"
1335366,"dirk-thomas",,,,,,,,,,"user"
5896293,"EddyShure",,,,,,,,,,"user"
3067335,"faustinoaq",,,,,,,,,,"user"
83483,"graphaelli",,,,,,,,,,"user"
397413,"hzamani",,,,,,,,,,"user"
974762,"sarhugo",,,,,,,,,,"user"
1995580,"jairovsky",,,,,,,,,,"user"
1395360,"jdsteinbach",,,,,,,,,,"user"
2248473,"JbIPS",,,,,,,,,,"user"
3858785,"johnzeringue",,,,,,,,,,"user"
760204,"forivall",,,,,,,,,,"user"
23558090,"m1guelpf",,,,,,,,,,"user"
864213,"bayandin",,,,,,,,,,"user"
7226907,"assp1r1n3",,,,,,,,,,"user"
2096101,"Kikobeats",,,,,,,,,,"user"
8289691,"KleoPetroff",,,,,,,,,,"user"
4420468,"caioteixeira",,,,,,,,,,"user"
3375461,"Hongbo-Miao",,,,,,,,,,"user"
910753,"RichardLitt",,,,,,,,,,"user"
2561942,"xohozu",,,,,,,,,,"user"
969983,"adius",,,,,,,,,,"user"
126636,"dreikanter",,,,,,,,,,"user"
389236,"ashishb",,,,,,,,,,"user"
4047597,"aviaryan",,,,,,,,,,"user"
1752436,"dictcp",,,,,,,,,,"user"
6282557,"Kiloreux",,,,,,,,,,"user"
8463904,"kozross",,,,,,,,,,"user"
938453,"matiassingers",,,,,,,,,,"user"
175809,"mre",,,,,,,,,,"user"
1033299,"hugo53",,,,,,,,,,"user"
77602,"svaksha",,,,,,,,,,"user"
170270,"sindresorhus",,,,,,,,,,"user"
679178,"therebelrobot",,,,,,,,,,"user"
484656,"vsouza",,,,,,,,,,"user"
4664280,"huyingjie",,,,,,,,,,"user"
2016091,"itech001",,,,,,,,,,"user"
7338799,"vasili111",,,,,,,,,,"user"
25312,"alec-c4",,,,,,,,,,"user"
3449303,"aloisdg",,,,,,,,,,"user"
8056274,"phanan",,,,,,,,,,"user"
2448125,"DeepAnchor",,,,,,,,,,"user"
216339,"glebm",,,,,,,,,,"user"
197928,"thomas-mcdonald",,,,,,,,,,"user"
89588,"trisweb",,,,,,,,,,"user"
11115,"sporkd",,,,,,,,,,"user"
419884,"cvrebert",,,,,,,,,,"user"
579300,"jkelleyj",,,,,,,,,,"user"
17056,"wndxlori",,,,,,,,,,"user"
780935,"mahnunchik",,,,,,,,,,"user"
23553,"corny",,,,,,,,,,"user"
203423,"yabawock",,,,,,,,,,"user"
1903777,"Blackhawkso",,,,,,,,,,"user"
26794,"bbenezech",,,,,,,,,,"user"
457834,"danielbayerlein",,,,,,,,,,"user"
1472285,"aeyoll",,,,,,,,,,"user"
47848,"rafaelfranca",,,,,,,,,,"user"
2052398,"sbandyopadhyay",,,,,,,,,,"user"
55158,"umairsiddique",,,,,,,,,,"user"
879768,"walgitrus",,,,,,,,,,"user"
3800237,"takiy33",,,,,,,,,,"user"
953092,"AJ-Acevedo",,,,,,,,,,"user"
238342,"adamakhtar",,,,,,,,,,"user"
827224,"agis-",,,,,,,,,,"user"
94782,"ixti",,,,,,,,,,"user"
1477925,"AlexZaytsav",,,,,,,,,,"user"
1131991,"amitport",,,,,,,,,,"user"
1060,"andrew",,,,,,,,,,"user"
88676,"aderyabin",,,,,,,,,,"user"
3390330,"Atul9",,,,,,,,,,"user"
68158,"julian7",,,,,,,,,,"user"
11086,"bernardo",,,,,,,,,,"user"
83835,"cantino",,,,,,,,,,"user"
10236,"knu",,,,,,,,,,"user"
20943,"dsander",,,,,,,,,,"user"
1547934,"Jngai",,,,,,,,,,"user"
382862,"albertsun",,,,,,,,,,"user"
365751,"CloCkWeRX",,,,,,,,,,"user"
1844764,"ianblenke",,,,,,,,,,"user"
753891,"alias1",,,,,,,,,,"user"
429490,"umarsheikh",,,,,,,,,,"user"
2570363,"rishabhjain",,,,,,,,,,"user"
374635,"gtramontina",,,,,,,,,,"user"
4156602,"stvnrlly",,,,,,,,,,"user"
163532,"TildeWill",,,,,,,,,,"user"
113293,"deanputney",,,,,,,,,,"user"
148768,"darrencauthon",,,,,,,,,,"user"
6728841,"racktear",,,,,,,,,,"user"
5382,"chriseidhof",,,,,,,,,,"user"
1342542,"spdustin",,,,,,,,,,"user"
612578,"thiagotalma",,,,,,,,,,"user"
3276355,"mfclarke",,,,,,,,,,"user"
7178130,"bencornelis",,,,,,,,,,"user"
462848,"oroce",,,,,,,,,,"user"
3255038,"irfancharania",,,,,,,,,,"user"
1886014,"brianpetro",,,,,,,,,,"user"
1022918,"International",,,,,,,,,,"user"
5695552,"Enfop",,,,,,,,,,"user"
1005167,"akilism",,,,,,,,,,"user"
202380,"joek",,,,,,,,,,"user"
10268864,"KimJungHun",,,,,,,,,,"user"
25222,"robertjwhitney",,,,,,,,,,"user"
188,"nex3",,,,,,,,,,"user"
1839,"chriseppstein",,,,,,,,,,"user"
15688,"thedarkone",,,,,,,,,,"user"
887,"mislav",,,,,,,,,,"user"
3124,"tenderlove",,,,,,,,,,"user"
4335783,"JonathanTR",,,,,,,,,,"user"
56810,"ChristianPeters",,,,,,,,,,"user"
16556,"twalpole",,,,,,,,,,"user"
34205,"eitoball",,,,,,,,,,"user"
85783,"kaelig",,,,,,,,,,"user"
2567,"tmm1",,,,,,,,,,"user"
59470,"joerixaop",,,,,,,,,,"user"
137,"josh",,,,,,,,,,"user"
103167,"srawlins",,,,,,,,,,"user"
7405,"pointlessone",,,,,,,,,,"user"
78,"indirect",,,,,,,,,,"user"
122,"cristibalan",,,,,,,,,,"user"
5042,"norman",,,,,,,,,,"user"
311914,"rrrene",,,,,,,,,,"user"
2486142,"carletex",,,,,,,,,,"user"
4609,"hlb",,,,,,,,,,"user"
7389,"jede",,,,,,,,,,"user"
269,"kamal",,,,,,,,,,"user"
22614,"piouPiouM",,,,,,,,,,"user"
141,"technomancy",,,,,,,,,,"user"
579928,"xzyfer",,,,,,,,,,"user"
53273,"jina",,,,,,,,,,"user"
6808,"alanhogan",,,,,,,,,,"user"
755,"myabc",,,,,,,,,,"user"
776,"brijohn",,,,,,,,,,"user"
134,"jnicklas",,,,,,,,,,"user"
16556,"twalpole",,,,,,,,,,"user"
524783,"joliss",,,,,,,,,,"user"
1497867,"abotalov",,,,,,,,,,"user"
22067,"remogatto",,,,,,,,,,"user"
27350,"kou",,,,,,,,,,"user"
144658,"denro",,,,,,,,,,"user"
11493,"amatsuda",,,,,,,,,,"user"
2053,"badcarl",,,,,,,,,,"user"
19233,"alovak",,,,,,,,,,"user"
4292,"smparkes",,,,,,,,,,"user"
1000,"aslakhellesoy",,,,,,,,,,"user"
159434,"DouweM",,,,,,,,,,"user"
1979,"jonleighton",,,,,,,,,,"user"
4312,"mkdynamic",,,,,,,,,,"user"
456459,"grzuy",,,,,,,,,,"user"
7776,"omenking",,,,,,,,,,"user"
26460,"sobrinho",,,,,,,,,,"user"
290782,"tricknotes",,,,,,,,,,"user"
193,"bernerdschaefer",,,,,,,,,,"user"
29814,"ingemar",,,,,,,,,,"user"
191521,"jarl-dk",,,,,,,,,,"user"
8506,"tristandunn",,,,,,,,,,"user"
200500,"nashby",,,,,,,,,,"user"
41963,"benlovell",,,,,,,,,,"user"
41839,"ordinaryzelig",,,,,,,,,,"user"
2560,"bjeanes",,,,,,,,,,"user"
193874,"carols10cents",,,,,,,,,,"user"
1268,"quamen",,,,,,,,,,"user"
43621,"jeffkreeftmeijer",,,,,,,,,,"user"
131818,"jordansissel",,,,,,,,,,"user"
1186534,"djhaskin987",,,,,,,,,,"user"
629631,"r4um",,,,,,,,,,"user"
5728164,"Knetic",,,,,,,,,,"user"
1761140,"ptomulik",,,,,,,,,,"user"
356719,"vStone",,,,,,,,,,"user"
2567,"tmm1",,,,,,,,,,"user"
91418,"hatt",,,,,,,,,,"user"
1311477,"remh",,,,,,,,,,"user"
2071575,"adamcstephens",,,,,,,,,,"user"
235666,"torrancew",,,,,,,,,,"user"
431237,"oker1",,,,,,,,,,"user"
928621,"gerbercj",,,,,,,,,,"user"
49472,"jaybuff",,,,,,,,,,"user"
279077,"nicobrevin",,,,,,,,,,"user"
52858,"specialunderwear",,,,,,,,,,"user"
140642,"zllak",,,,,,,,,,"user"
9326007,"liger1978",,,,,,,,,,"user"
98142,"ebastien",,,,,,,,,,"user"
9363016,"jensschroer",,,,,,,,,,"user"
638,"pjjw",,,,,,,,,,"user"
46573,"rutsky",,,,,,,,,,"user"
362064,"ohookins",,,,,,,,,,"user"
119358,"timsutton",,,,,,,,,,"user"
374579,"samcrang",,,,,,,,,,"user"
599292,"anthezium",,,,,,,,,,"user"
30236,"cpennington",,,,,,,,,,"user"
96076,"lofidellity",,,,,,,,,,"user"
4006083,"iwonbigbro",,,,,,,,,,"user"
120659,"amdprophet",,,,,,,,,,"user"
83390,"jondot",,,,,,,,,,"user"
997157,"GantMan",,,,,,,,,,"user"
1440796,"yonahforst",,,,,,,,,,"user"
2672802,"7kfpun",,,,,,,,,,"user"
1374718,"alexandregz",,,,,,,,,,"user"
527296,"hiaw",,,,,,,,,,"user"
2003265,"originerd",,,,,,,,,,"user"
5348158,"di3goleite",,,,,,,,,,"user"
17023610,"doanndd",,,,,,,,,,"user"
587438,"morenoh149",,,,,,,,,,"user"
1714673,"browniefed",,,,,,,,,,"user"
440298,"jhabdas",,,,,,,,,,"user"
1105429,"spencercarli",,,,,,,,,,"user"
5463526,"kmdupr33",,,,,,,,,,"user"
388375,"FaridSafi",,,,,,,,,,"user"
7293079,"devBrian",,,,,,,,,,"user"
599019,"ekryski",,,,,,,,,,"user"
868917,"franzejr",,,,,,,,,,"user"
4091190,"oney",,,,,,,,,,"user"
5494638,"jacklam718",,,,,,,,,,"user"
3001525,"jhen0409",,,,,,,,,,"user"
2857535,"moklick",,,,,,,,,,"user"
933408,"olofd",,,,,,,,,,"user"
7809008,"terrysahaidak",,,,,,,,,,"user"
686101,"tlenclos",,,,,,,,,,"user"
3881856,"vlad-doru",,,,,,,,,,"user"
923036,"xcarpentier",,,,,,,,,,"user"
972067,"vidyuthd",,,,,,,,,,"user"
6357215,"FuYaoDe",,,,,,,,,,"user"
577316,"phil-r",,,,,,,,,,"user"
2,"defunkt",,,,,,,,,,"user"
27786,"steveklabnik",,,,,,,,,,"user"
16457,"hone",,,,,,,,,,"user"
797,"tarcieri",,,,,,,,,,"user"
2072686,"fw42",,,,,,,,,,"user"
210924,"yaauie",,,,,,,,,,"user"
832655,"jonhyman",,,,,,,,,,"user"
487216,"Jacobkg",,,,,,,,,,"user"
7838511,"chrisccerami",,,,,,,,,,"user"
2343,"rcarver",,,,,,,,,,"user"
83188,"magec",,,,,,,,,,"user"
191607,"hoffmanc",,,,,,,,,,"user"
1504464,"RochesterinNYC",,,,,,,,,,"user"
14761,"mrduncan",,,,,,,,,,"user"
3784,"raykrueger",,,,,,,,,,"user"
12752,"gravis",,,,,,,,,,"user"
3321,"wuputah",,,,,,,,,,"user"
1097,"quirkey",,,,,,,,,,"user"
954402,"dylanahsmith",,,,,,,,,,"user"
9894,"jamster",,,,,,,,,,"user"
1133,"alce",,,,,,,,,,"user"
2205,"kjg",,,,,,,,,,"user"
97400,"sirupsen",,,,,,,,,,"user"
3124,"tenderlove",,,,,,,,,,"user"
4765,"adamcooke",,,,,,,,,,"user"
3117,"jbarnette",,,,,,,,,,"user"
816444,"lukeasrodgers",,,,,,,,,,"user"
10766,"morgoth",,,,,,,,,,"user"
147451,"humancopy",,,,,,,,,,"user"
78932,"ashleym1972",,,,,,,,,,"user"
18952,"leehambley",,,,,,,,,,"user"
189693,"mattbrictson",,,,,,,,,,"user"
67072,"seenmyfate",,,,,,,,,,"user"
1298231,"will-in-wi",,,,,,,,,,"user"
522155,"kirs",,,,,,,,,,"user"
2119527,"townsen",,,,,,,,,,"user"
164703,"teohm",,,,,,,,,,"user"
438046,"marcovtwout",,,,,,,,,,"user"
759362,"andytinycat",,,,,,,,,,"user"
21104,"miry",,,,,,,,,,"user"
1379701,"lebedev-yury",,,,,,,,,,"user"
154571,"mikz",,,,,,,,,,"user"
370576,"ain",,,,,,,,,,"user"
63675,"quixoten",,,,,,,,,,"user"
2154282,"betesh",,,,,,,,,,"user"
260133,"signedbyte",,,,,,,,,,"user"
13348918,"cseeger-epages",,,,,,,,,,"user"
133308,"blackxored",,,,,,,,,,"user"
349247,"DrorCohenCC",,,,,,,,,,"user"
1019068,"kaikuchn",,,,,,,,,,"user"
946789,"markri",,,,,,,,,,"user"
48054,"mpapis",,,,,,,,,,"user"
2322774,"sponomarev",,,,,,,,,,"user"
37910,"troelskn",,,,,,,,,,"user"
769964,"artemeff",,,,,,,,,,"user"
138597,"mmrwoods",,,,,,,,,,"user"
2394703,"seuros",,,,,,,,,,"user"
2777667,"ayastreb",,,,,,,,,,"user"
2308312,"cshaffer",,,,,,,,,,"user"
569702,"cyrusstoller",,,,,,,,,,"user"
1048705,"fabiopelosin",,,,,,,,,,"user"
1946610,"segiddins",,,,,,,,,,"user"
2320,"alloy",,,,,,,,,,"user"
1389011,"mrackwitz",,,,,,,,,,"user"
44164,"kylef",,,,,,,,,,"user"
118992,"neonichu",,,,,,,,,,"user"
1120429,"benasher44",,,,,,,,,,"user"
1330683,"DanToml",,,,,,,,,,"user"
49038,"orta",,,,,,,,,,"user"
216089,"AliSoftware",,,,,,,,,,"user"
613,"lukeredpath",,,,,,,,,,"user"
1665371,"manuyavuz",,,,,,,,,,"user"
995382,"Kapin",,,,,,,,,,"user"
161671,"jasl8r",,,,,,,,,,"user"
177228,"nolanw",,,,,,,,,,"user"
1255755,"goonzoid",,,,,,,,,,"user"
212270,"ianyh",,,,,,,,,,"user"
8608,"siuying",,,,,,,,,,"user"
1848665,"swizzlr",,,,,,,,,,"user"
627285,"supermarin",,,,,,,,,,"user"
5554220,"yanzhiwei147",,,,,,,,,,"user"
3022,"floere",,,,,,,,,,"user"
466674,"nwest",,,,,,,,,,"user"
389949,"dustywusty",,,,,,,,,,"user"
258,"kommen",,,,,,,,,,"user"
59140,"subdigital",,,,,,,,,,"user"
763698,"mtitolo",,,,,,,,,,"user"
217368,"yas375",,,,,,,,,,"user"
1423931,"kcoleman731",,,,,,,,,,"user"
283886,"keith",,,,,,,,,,"user"
1299,"mitchellh",,,,,,,,,,"user"
408570,"sethvargo",,,,,,,,,,"user"
266674,"chrisroberts",,,,,,,,,,"user"
434654,"gildegoma",,,,,,,,,,"user"
81859,"fgrehm",,,,,,,,,,"user"
23505,"johnbender",,,,,,,,,,"user"
197023,"sneal",,,,,,,,,,"user"
79116,"tmatilai",,,,,,,,,,"user"
896878,"maxlinc",,,,,,,,,,"user"
3294970,"bbrala",,,,,,,,,,"user"
655165,"mwrock",,,,,,,,,,"user"
37534,"phinze",,,,,,,,,,"user"
846194,"pearkes",,,,,,,,,,"user"
847794,"benh57",,,,,,,,,,"user"
438899,"captainill",,,,,,,,,,"user"
419091,"berendt",,,,,,,,,,"user"
739117,"jtopper",,,,,,,,,,"user"
937276,"carlosefr",,,,,,,,,,"user"
278138,"PatOShea",,,,,,,,,,"user"
4846154,"legal90",,,,,,,,,,"user"
3069,"commandtab",,,,,,,,,,"user"
529516,"miketheman",,,,,,,,,,"user"
562707,"emyl",,,,,,,,,,"user"
199095,"glensc",,,,,,,,,,"user"
8653812,"mpoeter",,,,,,,,,,"user"
77073,"sax",,,,,,,,,,"user"
9321510,"kamigerami",,,,,,,,,,"user"
370182,"handlers",,,,,,,,,,"user"
103217,"sthulb",,,,,,,,,,"user"
156964,"tboerger",,,,,,,,,,"user"
1356007,"kilimchoi",,,,,,,,,,"user"
218869,"kaizensoze",,,,,,,,,,"user"
3685290,"meisyal",,,,,,,,,,"user"
346896,"griffio",,,,,,,,,,"user"
792586,"nucreativa",,,,,,,,,,"user"
4509724,"ssundarraj",,,,,,,,,,"user"
10846582,"Loetn",,,,,,,,,,"user"
7228824,"muazhud",,,,,,,,,,"user"
6544741,"aoozdemir",,,,,,,,,,"user"
10923599,"DEKHTIARJonathan",,,,,,,,,,"user"
2421332,"ksashikumar",,,,,,,,,,"user"
2338189,"NanXiao",,,,,,,,,,"user"
8105085,"efeelaiho",,,,,,,,,,"user"
1254783,"simar7",,,,,,,,,,"user"
4273812,"aspyatkin",,,,,,,,,,"user"
751773,"victorcete",,,,,,,,,,"user"
1501612,"vincetse",,,,,,,,,,"user"
93657,"elbrujohalcon",,,,,,,,,,"user"
497458,"dideler",,,,,,,,,,"user"
6170607,"leo",,,,,,,,,,"user"
2499863,"pawandubey",,,,,,,,,,"user"
2031640,"3lackRos3",,,,,,,,,,"user"
3866405,"Deborah-Digges",,,,,,,,,,"user"
6861614,"jayeshsolanki93",,,,,,,,,,"user"
2509970,"jaysingh",,,,,,,,,,"user"
3691804,"jjanvier",,,,,,,,,,"user"
3961452,"xamroc",,,,,,,,,,"user"
2096087,"nisrulz",,,,,,,,,,"user"
121503,"timbroder",,,,,,,,,,"user"
5601908,"vedatmahir",,,,,,,,,,"user"
4632,"jyurek",,,,,,,,,,"user"
4912,"sikachu",,,,,,,,,,"user"
54260,"tute",,,,,,,,,,"user"
4550,"mike-burns",,,,,,,,,,"user"
2154282,"betesh",,,,,,,,,,"user"
216,"henrik",,,,,,,,,,"user"
3020626,"maclover7",,,,,,,,,,"user"
103968,"dgynn",,,,,,,,,,"user"
27087,"Sporky023",,,,,,,,,,"user"
12610,"qrush",,,,,,,,,,"user"
1216011,"soramugi",,,,,,,,,,"user"
257678,"gabebw",,,,,,,,,,"user"
1175,"bjhess",,,,,,,,,,"user"
6351,"dasch",,,,,,,,,,"user"
523089,"mschulkind",,,,,,,,,,"user"
201,"monde",,,,,,,,,,"user"
1329716,"princemaple",,,,,,,,,,"user"
405271,"alexgodin",,,,,,,,,,"user"
14680,"tilsammans",,,,,,,,,,"user"
1574,"joshuaclayton",,,,,,,,,,"user"
1431996,"nickrivadeneira",,,,,,,,,,"user"
146249,"cavi21",,,,,,,,,,"user"
198,"croaky",,,,,,,,,,"user"
166528,"phene",,,,,,,,,,"user"
35861,"georgebrock",,,,,,,,,,"user"
6528,"xuanxu",,,,,,,,,,"user"
43840,"murbanski",,,,,,,,,,"user"
769,"mvanholstyn",,,,,,,,,,"user"
5396,"menno",,,,,,,,,,"user"
109216,"fxposter",,,,,,,,,,"user"
30442,"rkh",,,,,,,,,,"user"
404,"rtomayko",,,,,,,,,,"user"
277819,"zzak",,,,,,,,,,"user"
120195,"gnandretta",,,,,,,,,,"user"
90,"sr",,,,,,,,,,"user"
46,"bmizerany",,,,,,,,,,"user"
47089,"michelc",,,,,,,,,,"user"
276834,"kytrinyx",,,,,,,,,,"user"
92880,"TrevorBramble",,,,,,,,,,"user"
263378,"burningTyger",,,,,,,,,,"user"
400299,"kgrz",,,,,,,,,,"user"
567626,"vipulnsward",,,,,,,,,,"user"
25136,"vast",,,,,,,,,,"user"
321978,"patriciomacadden",,,,,,,,,,"user"
978,"cypher",,,,,,,,,,"user"
46235,"timfel",,,,,,,,,,"user"
3022,"floere",,,,,,,,,,"user"
1643293,"yegortimoshenko",,,,,,,,,,"user"
15367484,"ReadmeCritic",,,,,,,,,,"user"
105491,"stjhimy",,,,,,,,,,"user"
437,"foca",,,,,,,,,,"user"
1163554,"ashleygwilliams",,,,,,,,,,"user"
1147484,"davydovanton",,,,,,,,,,"user"
283320,"mdesantis",,,,,,,,,,"user"
10406,"apotonick",,,,,,,,,,"user"
309329,"namusyaka",,,,,,,,,,"user"
6119,"cschneid",,,,,,,,,,"user"
411426,"mattwildig",,,,,,,,,,"user"
585943,"jkowens",,,,,,,,,,"user"
17398,"melborne",,,,,,,,,,"user"
12732,"imathis",,,,,,,,,,"user"
153481,"fhemberger",,,,,,,,,,"user"
237985,"parkr",,,,,,,,,,"user"
4990,"pilif",,,,,,,,,,"user"
10201,"gisikw",,,,,,,,,,"user"
231435,"rslifka",,,,,,,,,,"user"
1888700,"dbloete",,,,,,,,,,"user"
20940,"zlu",,,,,,,,,,"user"
109415,"kAworu",,,,,,,,,,"user"
853977,"yous",,,,,,,,,,"user"
237337,"Darkhogg",,,,,,,,,,"user"
22549,"vyper",,,,,,,,,,"user"
306764,"lukearmstrong",,,,,,,,,,"user"
10263,"mikl",,,,,,,,,,"user"
139536,"ndbroadbent",,,,,,,,,,"user"
19253,"duckpuppy",,,,,,,,,,"user"
1012,"rwdaigle",,,,,,,,,,"user"
159040,"tomhoover",,,,,,,,,,"user"
285352,"treyhunner",,,,,,,,,,"user"
253068,"bendoerr",,,,,,,,,,"user"
19977,"Haacked",,,,,,,,,,"user"
20232,"omo",,,,,,,,,,"user"
75736,"aarongustafson",,,,,,,,,,"user"
449027,"IQAndreas",,,,,,,,,,"user"
171072,"floydpink",,,,,,,,,,"user"
1574884,"howiehu",,,,,,,,,,"user"
61505,"jbrains",,,,,,,,,,"user"
127910,"jakemcc",,,,,,,,,,"user"
6865789,"KeenRivals",,,,,,,,,,"user"
309726,"matrixagent",,,,,,,,,,"user"
542335,"dblock",,,,,,,,,,"user"
309329,"namusyaka",,,,,,,,,,"user"
19874,"jch",,,,,,,,,,"user"
486807,"dm1try",,,,,,,,,,"user"
1022,"mbleigh",,,,,,,,,,"user"
17824,"towanda",,,,,,,,,,"user"
3194530,"marshall-lee",,,,,,,,,,"user"
223498,"adamgotterer",,,,,,,,,,"user"
66329,"niedhui",,,,,,,,,,"user"
690113,"dabrorius",,,,,,,,,,"user"
2983,"schmurfy",,,,,,,,,,"user"
1022564,"asross",,,,,,,,,,"user"
41304,"ppadron",,,,,,,,,,"user"
3374574,"myitcv",,,,,,,,,,"user"
161756,"u2",,,,,,,,,,"user"
521627,"bobbytables",,,,,,,,,,"user"
10265610,"yalongzhang",,,,,,,,,,"user"
2707380,"stevschmid",,,,,,,,,,"user"
510743,"xevix",,,,,,,,,,"user"
169852,"simulacre",,,,,,,,,,"user"
26463,"jpmckinney",,,,,,,,,,"user"
481810,"dpsk",,,,,,,,,,"user"
409334,"robertopedroso",,,,,,,,,,"user"
556191,"tim-vandecasteele",,,,,,,,,,"user"
317281,"bwalex",,,,,,,,,,"user"
600924,"ajvondrak",,,,,,,,,,"user"
410325,"benrosenblum",,,,,,,,,,"user"
4680,"evansj",,,,,,,,,,"user"
399242,"jlfaber",,,,,,,,,,"user"
40204,"meh",,,,,,,,,,"user"
141294,"jhass",,,,,,,,,,"user"
69663,"maxwell",,,,,,,,,,"user"
136649,"danielgrippi",,,,,,,,,,"user"
3798614,"svbergerem",,,,,,,,,,"user"
344777,"denschub",,,,,,,,,,"user"
56125,"sarahmei",,,,,,,,,,"user"
458548,"SuperTux88",,,,,,,,,,"user"
117366,"Raven24",,,,,,,,,,"user"
405541,"leamas",,,,,,,,,,"user"
69591,"denniscollective",,,,,,,,,,"user"
437360,"OhaiBBQ",,,,,,,,,,"user"
930064,"Flaburgan",,,,,,,,,,"user"
212747,"zhitomirskiyi",,,,,,,,,,"user"
929712,"jmallach",,,,,,,,,,"user"
715229,"fabianrbz",,,,,,,,,,"user"
1174866,"jaywink",,,,,,,,,,"user"
1108789,"movilla",,,,,,,,,,"user"
456459,"grzuy",,,,,,,,,,"user"
6329898,"KentShikama",,,,,,,,,,"user"
3429231,"AugierLe42e",,,,,,,,,,"user"
652428,"Zauberstuhl",,,,,,,,,,"user"
2885,"Pistos",,,,,,,,,,"user"
10187586,"cmrd-senya",,,,,,,,,,"user"
343512,"ticho",,,,,,,,,,"user"
401560,"DeadSuperHero",,,,,,,,,,"user"
110500,"stevenh512",,,,,,,,,,"user"
419737,"Hexagon",,,,,,,,,,"user"
301949,"arielo",,,,,,,,,,"user"
340766,"pablocubico",,,,,,,,,,"user"
468262,"stwf",,,,,,,,,,"user"
5311656,"pedrib",,,,,,,,,,"user"
752491,"h00die",,,,,,,,,,"user"
1175434,"aushack",,,,,,,,,,"user"
7352479,"nixawk",,,,,,,,,,"user"
1172185,"stephenfewer",,,,,,,,,,"user"
3988004,"rcvalle",,,,,,,,,,"user"
3483615,"shipcod3",,,,,,,,,,"user"
2518196,"benpturner",,,,,,,,,,"user"
4990957,"tabassassin",,,,,,,,,,"user"
4629127,"xistence",,,,,,,,,,"user"
1854557,"Meatballs1",,,,,,,,,,"user"
6853837,"0x41414141",,,,,,,,,,"user"
2556191,"agix",,,,,,,,,,"user"
5332090,"msjenkins-r7",,,,,,,,,,"user"
1943841,"tasos-r7",,,,,,,,,,"user"
419731,"mandreko",,,,,,,,,,"user"
2500434,"rastating",,,,,,,,,,"user"
3492980,"jiuweigui",,,,,,,,,,"user"
48389,"jjarmoc",,,,,,,,,,"user"
496645,"martinvigo",,,,,,,,,,"user"
1746973,"jakxx",,,,,,,,,,"user"
4639200,"juushya",,,,,,,,,,"user"
1117951,"averagesecurityguy",,,,,,,,,,"user"
2895826,"nstarke",,,,,,,,,,"user"
8155715,"philophobia78",,,,,,,,,,"user"
8191240,"us3r777",,,,,,,,,,"user"
2473269,"zeknox",,,,,,,,,,"user"
5206619,"sgabe",,,,,,,,,,"user"
14933583,"talos-arch3y",,,,,,,,,,"user"
1701534,"BorjaMerino",,,,,,,,,,"user"
305940,"randx",,,,,,,,,,"user"
16124,"tsigo",,,,,,,,,,"user"
159434,"DouweM",,,,,,,,,,"user"
741068,"iamphill",,,,,,,,,,"user"
1168,"rymai",,,,,,,,,,"user"
340023,"axilleas",,,,,,,,,,"user"
7012031,"grzesiek",,,,,,,,,,"user"
1336311,"jacobvosmaer",,,,,,,,,,"user"
963826,"stanhu",,,,,,,,,,"user"
819559,"maxlazio",,,,,,,,,,"user"
22061,"dosire",,,,,,,,,,"user"
999323,"bluegod",,,,,,,,,,"user"
417636,"vsizov",,,,,,,,,,"user"
10416,"godfat",,,,,,,,,,"user"
86065,"YorickPeterse",,,,,,,,,,"user"
2815,"dbalexandre",,,,,,,,,,"user"
3825729,"annabel",,,,,,,,,,"user"
278301,"Razer6",,,,,,,,,,"user"
712419,"fatihacet",,,,,,,,,,"user"
1120328,"smcgivern",,,,,,,,,,"user"
99679,"riyad",,,,,,,,,,"user"
2529595,"ZJvandeWeg",,,,,,,,,,"user"
9062611,"tiagonbotelho",,,,,,,,,,"user"
2977353,"connorshea",,,,,,,,,,"user"
423650,"timothyandrew",,,,,,,,,,"user"
1362793,"jvanbaarsen",,,,,,,,,,"user"
253398,"NARKOZ",,,,,,,,,,"user"
723365,"supernova32",,,,,,,,,,"user"
9183,"rdavila",,,,,,,,,,"user"
5678671,"LukeeeeBennett",,,,,,,,,,"user"
727482,"rolandwalker",,,,,,,,,,"user"
1699443,"vitorgalvao",,,,,,,,,,"user"
2471327,"victorpopkov",,,,,,,,,,"user"
3063022,"tapeinosyne",,,,,,,,,,"user"
863730,"fanquake",,,,,,,,,,"user"
4551271,"jawshooah",,,,,,,,,,"user"
1889575,"nanoxd",,,,,,,,,,"user"
480724,"Amorymeltzer",,,,,,,,,,"user"
3536482,"alebcay",,,,,,,,,,"user"
37534,"phinze",,,,,,,,,,"user"
1309829,"reitermarkus",,,,,,,,,,"user"
6127163,"miccal",,,,,,,,,,"user"
2555394,"adidalal",,,,,,,,,,"user"
3461051,"scribblemaniac",,,,,,,,,,"user"
12075736,"buo",,,,,,,,,,"user"
1154867,"ahbeng",,,,,,,,,,"user"
7567983,"artdevjs",,,,,,,,,,"user"
499192,"vinkla",,,,,,,,,,"user"
138426,"federicobond",,,,,,,,,,"user"
327943,"Cottser",,,,,,,,,,"user"
143302,"jansauer",,,,,,,,,,"user"
287584,"radeksimko",,,,,,,,,,"user"
1390036,"tsparber",,,,,,,,,,"user"
814070,"colindunn",,,,,,,,,,"user"
1271040,"denpatin",,,,,,,,,,"user"
6257454,"Jerzerak",,,,,,,,,,"user"
990216,"leoj3n",,,,,,,,,,"user"
97324,"toonetown",,,,,,,,,,"user"
760008,"hanxue",,,,,,,,,,"user"
65154,"exherb",,,,,,,,,,"user"
2687,"radar",,,,,,,,,,"user"
85518,"schof",,,,,,,,,,"user"
25104,"JDutil",,,,,,,,,,"user"
135605,"joneslee85",,,,,,,,,,"user"
22470,"BDQ",,,,,,,,,,"user"
245662,"huoxito",,,,,,,,,,"user"
55154,"damianlegawiec",,,,,,,,,,"user"
28540,"romul",,,,,,,,,,"user"
19807,"LBRapid",,,,,,,,,,"user"
49211,"davidnorth",,,,,,,,,,"user"
51752,"paulcc",,,,,,,,,,"user"
29824,"danabrit",,,,,,,,,,"user"
4252,"peterberkenbosch",,,,,,,,,,"user"
29921,"devilcoders",,,,,,,,,,"user"
74861,"cmar",,,,,,,,,,"user"
106335,"reinaris",,,,,,,,,,"user"
240650,"GeekOnCoffee",,,,,,,,,,"user"
894818,"priyank-gupta",,,,,,,,,,"user"
643748,"Mafi88",,,,,,,,,,"user"
3117356,"BenMorganIO",,,,,,,,,,"user"
4212447,"tanmay3011",,,,,,,,,,"user"
131752,"jhawthorn",,,,,,,,,,"user"
10128,"parndt",,,,,,,,,,"user"
1930749,"nishant-cyro",,,,,,,,,,"user"
2800299,"mauazua",,,,,,,,,,"user"
23050,"jordan-brough",,,,,,,,,,"user"
2703,"calas",,,,,,,,,,"user"
764390,"gmacdougall",,,,,,,,,,"user"
557414,"alepore",,,,,,,,,,"user"
133,"dkubb",,,,,,,,,,"user"
17538,"eviltrout",,,,,,,,,,"user"
5213,"SamSaffron",,,,,,,,,,"user"
362783,"ZogStriP",,,,,,,,,,"user"
151885,"nlalonde",,,,,,,,,,"user"
1522517,"coding-horror",,,,,,,,,,"user"
5732281,"techAPJ",,,,,,,,,,"user"
4335742,"tgxworld",,,,,,,,,,"user"
627891,"riking",,,,,,,,,,"user"
1681963,"awesomerobot",,,,,,,,,,"user"
31063,"vikhyat",,,,,,,,,,"user"
1186214,"kubabrecka",,,,,,,,,,"user"
473736,"gschlager",,,,,,,,,,"user"
241243,"velesin",,,,,,,,,,"user"
297343,"fantasticfears",,,,,,,,,,"user"
65323,"chrishunt",,,,,,,,,,"user"
2975917,"scossar",,,,,,,,,,"user"
1385470,"xfalcox",,,,,,,,,,"user"
2060315,"cpradio",,,,,,,,,,"user"
40496,"gnunicorn",,,,,,,,,,"user"
750477,"gdpelican",,,,,,,,,,"user"
802583,"abbat",,,,,,,,,,"user"
449006,"tms",,,,,,,,,,"user"
4425078,"ofgeek",,,,,,,,,,"user"
361662,"Elberet",,,,,,,,,,"user"
55829,"chancancode",,,,,,,,,,"user"
410018,"Supermathie",,,,,,,,,,"user"
555779,"Qasem-h",,,,,,,,,,"user"
176252,"sanderdatema",,,,,,,,,,"user"
2217652,"mcwumbly",,,,,,,,,,"user"
1297909,"nschonni",,,,,,,,,,"user"
869950,"KrauseFx",,,,,,,,,,"user"
343134,"mfurtak",,,,,,,,,,"user"
1848683,"asfalcone",,,,,,,,,,"user"
3312,"snatchev",,,,,,,,,,"user"
2587018,"ohwutup",,,,,,,,,,"user"
24282,"lacostej",,,,,,,,,,"user"
665326,"i2amsam",,,,,,,,,,"user"
279407,"milch",,,,,,,,,,"user"
1628832,"lmirosevic",,,,,,,,,,"user"
2462167,"fabiomassimo",,,,,,,,,,"user"
2891702,"hjanuschka",,,,,,,,,,"user"
2182121,"czechboy0",,,,,,,,,,"user"
1190389,"mpirri",,,,,,,,,,"user"
1816725,"almassapargali",,,,,,,,,,"user"
2363231,"JaniJegoroff",,,,,,,,,,"user"
401294,"joshdholtz",,,,,,,,,,"user"
986528,"samrobbins",,,,,,,,,,"user"
484756,"mathcarignani",,,,,,,,,,"user"
2208083,"jinjorge",,,,,,,,,,"user"
851631,"Liquidsoul",,,,,,,,,,"user"
639833,"dtrenz",,,,,,,,,,"user"
915660,"vpolouchkine",,,,,,,,,,"user"
343450,"squarefrog",,,,,,,,,,"user"
3052811,"andrewpage",,,,,,,,,,"user"
2134373,"bartoszj",,,,,,,,,,"user"
118992,"neonichu",,,,,,,,,,"user"
183747,"radex",,,,,,,,,,"user"
1248491,"henrinormak",,,,,,,,,,"user"
201351,"xfreebird",,,,,,,,,,"user"
1650398,"Ashton-W",,,,,,,,,,"user"
237985,"parkr",,,,,,,,,,"user"
6166343,"jekyllbot",,,,,,,,,,"user"
77174,"mattr-",,,,,,,,,,"user"
1,"mojombo",,,,,,,,,,"user"
99763,"envygeeks",,,,,,,,,,"user"
800556,"maul-esel",,,,,,,,,,"user"
282759,"benbalter",,,,,,,,,,"user"
2704010,"alfredxing",,,,,,,,,,"user"
251545,"pathawks",,,,,,,,,,"user"
3617307,"penibelst",,,,,,,,,,"user"
12610,"qrush",,,,,,,,,,"user"
349621,"XhmikosR",,,,,,,,,,"user"
1534882,"chrisfinazzo",,,,,,,,,,"user"
296432,"cobyism",,,,,,,,,,"user"
689411,"zachgersh",,,,,,,,,,"user"
17486,"krisb",,,,,,,,,,"user"
12479464,"ashmaroli",,,,,,,,,,"user"
1319791,"jglovier",,,,,,,,,,"user"
2777667,"ayastreb",,,,,,,,,,"user"
129327,"tombell",,,,,,,,,,"user"
1066157,"MartinRogalla",,,,,,,,,,"user"
103008,"DirtyF",,,,,,,,,,"user"
4013922,"brint",,,,,,,,,,"user"
5774638,"kleinfreund",,,,,,,,,,"user"
1425636,"crispgm",,,,,,,,,,"user"
64050,"gjtorikian",,,,,,,,,,"user"
5073946,"SuriyaaKudoIsc",,,,,,,,,,"user"
86842,"afeld",,,,,,,,,,"user"
116385,"stephenmcd",,,,,,,,,,"user"
451539,"albertogg",,,,,,,,,,"user"
9582,"josevalim",,,,,,,,,,"user"
26328,"carlosantoniodasilva",,,,,,,,,,"user"
80978,"lucasmazza",,,,,,,,,,"user"
200500,"nashby",,,,,,,,,,"user"
47848,"rafaelfranca",,,,,,,,,,"user"
867308,"ulissesalmeida",,,,,,,,,,"user"
63736,"dwhenry",,,,,,,,,,"user"
2827867,"Chun-Yang",,,,,,,,,,"user"
9379,"latortuga",,,,,,,,,,"user"
2929,"georgeguimaraes",,,,,,,,,,"user"
319230,"jphenow",,,,,,,,,,"user"
51603,"rodrigoflores",,,,,,,,,,"user"
524783,"joliss",,,,,,,,,,"user"
78422,"mhfs",,,,,,,,,,"user"
31945,"fredwu",,,,,,,,,,"user"
33053,"vinibaggio",,,,,,,,,,"user"
13277,"ches",,,,,,,,,,"user"
8701,"joshk",,,,,,,,,,"user"
32246,"rosenfeld",,,,,,,,,,"user"
206662,"jacquescrocker",,,,,,,,,,"user"
10669,"SSDany",,,,,,,,,,"user"
159814,"sbounmy",,,,,,,,,,"user"
1901,"heimidal",,,,,,,,,,"user"
67093,"excid3",,,,,,,,,,"user"
94846,"jm81",,,,,,,,,,"user"
4912,"sikachu",,,,,,,,,,"user"
3209501,"alexsoble",,,,,,,,,,"user"
6443532,"bogdanvlviv",,,,,,,,,,"user"
9726,"andmej",,,,,,,,,,"user"
646297,"crx",,,,,,,,,,"user"
1589480,"BrewTestBot",,,,,,,,,,"user"
568243,"jacknagel",,,,,,,,,,"user"
3566,"adamv",,,,,,,,,,"user"
125011,"MikeMcQuaid",,,,,,,,,,"user"
518607,"asparagui",,,,,,,,,,"user"
6998367,"DomT4",,,,,,,,,,"user"
3105373,"xu-cheng",,,,,,,,,,"user"
58962,"mxcl",,,,,,,,,,"user"
780485,"mistydemeo",,,,,,,,,,"user"
1334295,"bfontaine",,,,,,,,,,"user"
1446897,"vszakats",,,,,,,,,,"user"
985416,"dunn",,,,,,,,,,"user"
150547,"nijikon",,,,,,,,,,"user"
54181,"Sharpie",,,,,,,,,,"user"
65736,"tschoonj",,,,,,,,,,"user"
173889,"tdsmith",,,,,,,,,,"user"
24201,"0xffea",,,,,,,,,,"user"
725299,"samueljohn",,,,,,,,,,"user"
16507,"afh",,,,,,,,,,"user"
1787524,"Noctem",,,,,,,,,,"user"
2618447,"apjanke",,,,,,,,,,"user"
760071,"asaph",,,,,,,,,,"user"
11892150,"UniqMartin",,,,,,,,,,"user"
1908898,"dstftw",,,,,,,,,,"user"
47980,"manphiz",,,,,,,,,,"user"
35828,"MindTooth",,,,,,,,,,"user"
52712,"mnaberez",,,,,,,,,,"user"
88668,"dholm",,,,,,,,,,"user"
700876,"cosmo0920",,,,,,,,,,"user"
565430,"makigumo",,,,,,,,,,"user"
47848,"rafaelfranca",,,,,,,,,,"user"
3124,"tenderlove",,,,,,,,,,"user"
2741,"dhh",,,,,,,,,,"user"
199,"jeremy",,,,,,,,,,"user"
9582,"josevalim",,,,,,,,,,"user"
3387,"fxn",,,,,,,,,,"user"
5402,"senny",,,,,,,,,,"user"
26328,"carlosantoniodasilva",,,,,,,,,,"user"
52642,"spastorino",,,,,,,,,,"user"
137,"josh",,,,,,,,,,"user"
146214,"vijaydev",,,,,,,,,,"user"
1529387,"sgrif",,,,,,,,,,"user"
91,"lifo",,,,,,,,,,"user"
1979,"jonleighton",,,,,,,,,,"user"
350807,"kaspth",,,,,,,,,,"user"
160941,"guilleiguaran",,,,,,,,,,"user"
6321,"pixeltrix",,,,,,,,,,"user"
197,"NZKoz",,,,,,,,,,"user"
5004,"drogus",,,,,,,,,,"user"
11493,"amatsuda",,,,,,,,,,"user"
3359,"miloops",,,,,,,,,,"user"
567626,"vipulnsward",,,,,,,,,,"user"
21,"technoweenie",,,,,,,,,,"user"
1034,"matthewd",,,,,,,,,,"user"
3948,"arunagw",,,,,,,,,,"user"
277819,"zzak",,,,,,,,,,"user"
4,"wycats",,,,,,,,,,"user"
12642,"kamipo",,,,,,,,,,"user"
621238,"prathamesh-sonpatki",,,,,,,,,,"user"
2687,"radar",,,,,,,,,,"user"